<?xml version="1.0" encoding="UTF-8"?>
<beans xmlns="http://www.springframework.org/schema/beans"
	xmlns:xsi="http://www.w3.org/2001/XMLSchema-instance"
	xsi:schemaLocation="http://www.springframework.org/schema/beans http://www.springframework.org/schema/beans/spring-beans.xsd">
	
	
	<bean id="projectbean" class="com.stackroute.SimpleApp.Project" scope="singleton">
  <property name="projectid" value="P02"/>
   <property name="description" value="Banking portal"/>
  
</bean>




<bean id="empbean3" class="com.stackroute.SimpleApp.Employee" autowire="constructor">
<property name="id" value="130"/>
<property name="name" value="Mary"/>
</bean>

<bean id="prodbean" class="com.stackroute.SimpleApp.Production" autowire="byType">
<property name="manager" value="Rasagna"/>
</bean>

	
<bean id="lifecycle" class="com.stackroute.SimpleApp.LifeCycleMonitor"/> 	

	
</beans>