<?xml version="1.0" encoding="UTF-8"?>
<beans xmlns="http://www.springframework.org/schema/beans"
	xmlns:xsi="http://www.w3.org/2001/XMLSchema-instance"
	xsi:schemaLocation="http://www.springframework.org/schema/beans http://www.springframework.org/schema/beans/spring-beans.xsd">




<bean id="projectbean" class="com.stackroute.SimpleApp.Project">
  <property name="projectid" value="P01"/>
   <property name="description" value="online customerportal"/>
  
</bean>


<bean id="projectbean1" class="com.stackroute.SimpleApp.Project">
  <property name="projectid" value="P02"/>
   <property name="description" value="Banking portal"/>
  
</bean>

<bean id="empbean" class="com.stackroute.SimpleApp.Employee">
 <property name="id" value="10"/>        <!--   calling the setter method -->
 <property name="name"  value="Arun"/>
 
 
  <property name="project" ref="projectbean1"/>   <!--   property based injection -->
 
</bean>



<bean id="empbean2" class="com.stackroute.SimpleApp.Employee">
 
 <constructor-arg name="projobj" ref="projectbean"/>  <!--  constructor base -->
 <property name="id" value="101"/>     
 <property name="name"  value="Baskar"/>
 
 <property name="address">
 <map>
 <entry key="city" value="blore"/>
 <entry key="state" value="karnataka"/>
 </map>
 
 
 </property>
 
 
</bean>




</beans>
